Name, Theo_Area, Wet_Area, Theo_Vol, Wet_Vol
StackGeom,192.701779,192.701779,78.297972,78.297972
Totals,192.701779,192.701779,78.297972,78.297972

Tag_Name, Tag_Theo_Area, Tag_Wet_Area
Inner Fuel_S_Surf0,0.000000,0.000000
Inner Fuel_S_Surf1,0.000000,0.000000
Outer Fuel_S_Surf0,0.000000,0.000000
Outer Fuel_S_Surf1,0.000000,0.000000
