Name, Theo_Area, Wet_Area, Theo_Vol, Wet_Vol
Inner Fuel,76.956468,76.956468,29.129408,29.129408
Inner Fuel,76.956468,76.956468,29.129408,29.129408
Outer Fuel,241.284112,241.284112,70.940363,70.940363
Outer Fuel,241.284112,241.284112,70.940363,70.940363
Totals,636.481159,636.481159,200.139542,200.139542
