Name, Theo_Area, Wet_Area, Theo_Vol, Wet_Vol
Inner Fuel,76.956468,76.956468,29.129408,29.129408
Inner Fuel,76.956468,76.956468,29.129408,29.129408
Outer Fuel,103.407411,103.407411,33.388487,33.388487
Outer Fuel,103.407411,103.407411,33.388487,33.388487
Totals,360.727758,360.727758,125.035792,125.035792

Tag_Name, Tag_Theo_Area, Tag_Wet_Area
Turboprop_S_Surf0,0.000000,0.000000
Turboprop_S_Surf1,0.000000,0.000000
Inlet_S_Surf0,0.000000,0.000000
Inlet_S_Surf1,0.000000,0.000000
Inlet_S_Surf0,0.000000,0.000000
Inlet_S_Surf1,0.000000,0.000000
Inlet_S_Surf0,0.000000,0.000000
Inlet_S_Surf1,0.000000,0.000000
